id,Nome,gender,cidade
1,Lenard,M,Arapongas
2,Mommy,F,Curitba
3,Trude,F,Arapongas
4,Antonina,F,Arapongas
5,Lianna,F,Curitba
6,Sonya,F,Arapongas
7,Lanny,M,Curitba
8,Filbert,M,Arapongas
9,Xenos,M,Arapongas
10,Leda,F,Curitba
11,Hogan,M,Curitba
12,Dall,M,Toledo
13,Rina,F,Arapongas
14,Claudian,M,Arapongas
15,Dareen,F,Arapongas
16,Bartlett,M,Arapongas
17,Tuck,M,Arapongas
18,Feodor,M,Arapongas
19,Bernarr,M,Arapongas
20,Griffin,M,Arapongas
21,Nikola,M,Arapongas
22,Felicity,F,Toledo
23,Ianthe,F,Toledo
24,Hendrick,M,Contenda
25,Konstanze,F,Arapongas
26,Jermaine,M,Contenda
27,Ania,F,Ibaiti
28,Neron,M,Curitba
29,Tirrell,M,Arapongas
30,Carroll,M,Toledo
31,Weider,M,Toledo
32,Ingelbert,M,Arapongas
33,Fancie,F,Curitba
34,Philly,F,Arapongas
35,Reuven,M,Arapongas
36,Andres,M,Arapongas
37,Gregorius,M,Curitba
38,Isabeau,F,Arapongas
39,Jaimie,F,Curitba
40,Ringo,M,Arapongas
41,Neysa,F,Arapongas
42,Bob,M,Toledo
43,Catherine,F,Arapongas
44,Pavla,F,Arapongas
45,Clayborne,M,Arapongas
46,Otto,M,Arapongas
47,Michelina,F,Arapongas
48,Dolf,M,Chopinzinho
49,Hedwiga,F,Toledo
50,Berkeley,M,Arapongas
51,Alta,F,Contenda
52,Marsh,M,Curitba
53,Agnes,F,Arapongas
54,Zenia,F,Toledo
55,Lenna,F,Curitba
56,Tull,M,Arapongas
57,Alford,M,Ibaiti
58,Ondrea,F,Arapongas
59,Adriane,F,Arapongas
60,Nessie,F,Toledo
61,Ellary,M,Curitba
62,Mackenzie,M,Curitba
63,Norris,M,Ibaiti
64,Herve,M,Toledo
65,Dane,M,Toledo
66,Stanly,M,Toledo
67,Mathilda,F,Arapongas
68,Constantia,F,Arapongas
69,Elaina,F,Arapongas
70,Cyrillus,M,Arapongas
71,Brockie,M,Curitba
72,Leroi,M,Arapongas
73,Adaline,F,Arapongas
74,Richardo,M,Arapongas
75,Carolyn,F,Toledo
76,Isidora,F,Arapongas
77,Tandi,F,Arapongas
78,Ketti,F,Arapongas
79,Kerk,M,Toledo
80,Bail,M,Arapongas
81,Gradey,M,Arapongas
82,Fayette,F,Arapongas
83,Brand,M,Chopinzinho
84,Duke,M,Arapongas
85,Eran,F,Contenda
86,Hana,F,Arapongas
87,Tyler,M,Arapongas
88,Kristen,F,Curitba
89,Roberta,F,Curitba
90,Marnie,F,Contenda
91,Odey,M,Arapongas
92,Emelen,M,Curitba
93,Filberto,M,Arapongas
94,De witt,M,Curitba
95,Trix,F,Curitba
96,Penny,M,Curitba
97,Gregoor,M,Arapongas
98,Tristan,M,Ibaiti
99,Cyrillus,M,Curitba
100,Barney,M,Curitba
101,Brody,M,Curitba
102,Wynne,F,Arapongas
103,Ninetta,F,Arapongas
104,John,M,Curitba
105,Cherise,F,Arapongas
106,Irwin,M,Toledo
107,Emmalynne,F,Toledo
108,Arty,M,Toledo
109,Verile,F,Toledo
110,Joaquin,M,Arapongas
111,Gibbie,M,Arapongas
112,Lorri,F,Arapongas
113,Anatollo,M,Arapongas
114,Sybyl,F,Contenda
115,Shepperd,M,Curitba
116,Mureil,F,Arapongas
117,Carlee,F,Curitba
118,Ingrim,M,Toledo
119,Bernardina,F,Arapongas
120,Sharity,F,Contenda
121,Noll,M,Toledo
122,Alfons,M,Curitba
123,Janetta,F,Arapongas
124,Rochester,M,Arapongas
125,Eliza,F,Curitba
126,Ailina,F,Arapongas
127,Dalston,M,Toledo
128,Giusto,M,Toledo
129,Ulick,M,Curitba
130,Sibley,F,Arapongas
131,Linc,M,Arapongas
132,Vinny,M,Curitba
133,Tiffani,F,Contenda
134,Dorene,F,Arapongas
135,Ruben,M,Contenda
136,Gabey,F,Arapongas
137,Butch,M,Curitba
138,Ann-marie,F,Arapongas
139,Bird,F,Contenda
140,Tremaine,M,Arapongas
141,Lorine,F,Arapongas
142,Minor,M,Curitba
143,Dasi,F,Arapongas
144,Cherida,F,Arapongas
145,Eva,F,Toledo
146,Thorn,M,Curitba
147,Norah,F,Arapongas
148,Wenonah,F,Arapongas
149,Winfred,M,Arapongas
150,Tod,M,Arapongas
151,Evangelin,F,Curitba
152,Aurel,F,Arapongas
153,Gayla,F,Arapongas
154,Ricardo,M,Arapongas
155,Becky,F,Arapongas
156,Courtenay,F,Arapongas
157,Nolan,M,Cianorte
158,Miriam,F,Arapongas
159,Milo,M,Arapongas
160,Townsend,M,Arapongas
161,Rickard,M,Arapongas
162,Cherida,F,Ibaiti
163,Joann,F,Toledo
164,Edlin,M,Ibaiti
165,Godiva,F,Arapongas
166,Valentine,M,Curitba
167,Mordy,M,Curitba
168,Morganica,F,Toledo
169,Dav,M,Arapongas
170,Maddy,M,Ibaiti
171,Bendicty,M,Chopinzinho
172,Ilka,F,Arapongas
173,Dave,M,Toledo
174,Libbie,F,Arapongas
175,Eadie,F,Arapongas
176,Grete,F,Contenda
177,Tye,M,Curitba
178,Rhiamon,F,Arapongas
179,Alecia,F,Cianorte
180,Cornelius,M,Arapongas
181,Heindrick,M,Arapongas
182,Anselma,F,Arapongas
183,Brigham,M,Arapongas
184,Valida,F,Curitba
185,Barnabe,M,Arapongas
186,Lynde,F,Arapongas
187,Sergei,M,Curitba
188,Jazmin,F,Curitba
189,Zia,F,Curitba
190,Cleo,F,Arapongas
191,Sly,M,Arapongas
192,Cordy,M,Arapongas
193,Shurwood,M,Arapongas
194,Cordy,M,Arapongas
195,Tilda,F,Curitba
196,Janeczka,F,Toledo
197,Natty,F,Cianorte
198,Grazia,F,Arapongas
199,Harmonie,F,Toledo
200,Shirlene,F,Curitba
201,Juline,F,Arapongas
202,Alexio,M,Curitba
203,Edmon,M,Arapongas
204,Moe,M,Arapongas
205,Cody,F,Ibaiti
206,Leslie,M,Arapoti
207,Laurent,M,Arapongas
208,Clevie,M,Curitba
209,Ibrahim,M,Toledo
210,Preston,M,Arapongas
211,Binni,F,Toledo
212,Norman,M,Curitba
213,Harwilll,M,Curitba
214,Junie,F,Arapongas
215,Aarika,F,Contenda
216,Eve,F,Curitba
217,Boyce,M,Curitba
218,Christoph,M,Arapongas
219,William,M,Toledo
220,Tabbie,F,Toledo
221,Benedick,M,Curitba
222,Orion,M,Arapongas
223,Chelsae,F,Arapongas
224,Asa,M,Curitba
225,Quintina,F,Arapongas
226,Blaine,M,Curitba
227,Brynn,F,Curitba
228,Chad,M,Arapongas
229,Vida,F,Arapongas
230,Glenine,F,Curitba
231,Sandy,F,Arapongas
232,Seward,M,Curitba
233,Bev,F,Contenda
234,Dannye,F,Cianorte
235,Griswold,M,Arapongas
236,Shannon,F,Arapongas
237,Zared,M,Arapongas
238,Gwendolin,F,Arapongas
239,Maxim,M,Curitba
240,Geordie,M,Arapongas
241,Adolphus,M,Contenda
242,Constantia,F,Curitba
243,Lynette,F,Toledo
244,Kit,F,Arapongas
245,Leda,F,Toledo
246,Dallas,F,Arapongas
247,Carmelina,F,Toledo
248,Melita,F,Curitba
249,Tamra,F,Toledo
250,Abner,M,Contenda
251,Roselin,F,Toledo
252,Zorana,F,Toledo
253,Sanders,M,Curitba
254,Nita,F,Curitba
255,Etan,M,Curitba
256,Cindra,F,Contenda
257,Fredia,F,Arapongas
258,Boothe,M,Arapongas
259,Roxanne,F,Ibaiti
260,Corbin,M,Arapongas
261,Arvin,M,Arapongas
262,Arlin,M,Curitba
263,Moshe,M,Toledo
264,Audry,F,Arapongas
265,Cris,F,Arapongas
266,Timoteo,M,Toledo
267,Whitney,F,Arapongas
268,Dolores,F,Arapongas
269,Katherine,F,Contenda
270,Milty,M,Toledo
271,Cinderella,F,Toledo
272,Dirk,M,Toledo
273,Bartlet,M,Arapongas
274,Nicol,M,Arapongas
275,Aggy,F,Contenda
276,Randie,M,Curitba
277,Haslett,M,Arapongas
278,Clemente,M,Arapongas
279,Dirk,M,Ibaiti
280,Morten,M,Arapongas
281,Yetty,F,Curitba
282,Curry,M,Arapongas
283,Ibrahim,M,Toledo
284,Marie-jeanne,F,Chopinzinho
285,Arabelle,F,Arapongas
286,Clair,F,Arapongas
287,Harlene,F,Contenda
288,Mylo,M,Arapongas
289,Lauritz,M,Contenda
290,Beryle,F,Curitba
291,Cher,F,Arapongas
292,Dolf,M,Curitba
293,Ariel,M,Arapongas
294,Kip,M,Toledo
295,Giacobo,M,Arapongas
296,Julio,M,Contenda
297,Sibbie,F,Curitba
298,Deane,F,Arapongas
299,Arel,M,Toledo
300,Karl,M,Curitba
301,Bing,M,Arapongas
302,Elsey,F,Contenda
303,Jayne,F,Ibaiti
304,Marie-jeanne,F,Contenda
305,Van,F,Arapongas
306,Ruttger,M,Arapongas
307,Valerye,F,Curitba
308,Caterina,F,Curitba
309,Adel,F,Arapongas
310,Wynn,M,Arapongas
311,Kerby,M,Arapongas
312,Leann,F,Ibaiti
313,Karina,F,Arapongas
314,Bill,M,Cianorte
315,Lettie,F,Toledo
316,Ellette,F,Arapongas
317,Haley,F,Toledo
318,Karlens,M,Arapongas
319,Eugenia,F,Toledo
320,Everett,M,Arapongas
321,Cam,M,Arapongas
322,Mareah,F,Curitba
323,Lek,M,Ibaiti
324,Josefina,F,Arapongas
325,Benton,M,Curitba
326,Nahum,M,Toledo
327,Helene,F,Curitba
328,Dew,M,Arapongas
329,Wadsworth,M,Curitba
330,Shirley,F,Contenda
331,Kelly,M,Contenda
332,Corena,F,Curitba
333,Jannelle,F,Arapongas
334,Diena,F,Arapongas
335,Sauncho,M,Arapongas
336,Jean,F,Arapongas
337,Amata,F,Curitba
338,Giacomo,M,Arapoti
339,Laura,F,Arapongas
340,Dur,M,Curitba
341,Thorn,M,Arapongas
342,Cale,M,Toledo
343,Shirleen,F,Curitba
344,Germaine,M,Toledo
345,Cliff,M,Curitba
346,Shelby,F,Curitba
347,Conny,M,Toledo
348,Dorie,M,Curitba
349,Reinald,M,Curitba
350,Denis,M,Toledo
351,Tailor,M,Contenda
352,Lorilyn,F,Arapongas
353,Norbie,M,Arapongas
354,Emeline,F,Arapongas
355,Tarrance,M,Arapongas
356,Morry,M,Ibaiti
357,Griselda,F,Arapongas
358,Mozes,M,Toledo
359,Tailor,M,Arapongas
360,Paxton,M,Toledo
361,Ulrike,F,Curitba
362,Marris,F,Arapongas
363,Corabelle,F,Arapongas
364,Ivory,F,Arapongas
365,Eveline,F,Curitba
366,Yvonne,F,Arapongas
367,Ulysses,M,Ibaiti
368,Rena,F,Arapongas
369,Dani,M,Toledo
370,Sallyann,F,Arapongas
371,Bari,F,Curitba
372,Kathi,F,Arapongas
373,Sterne,M,Curitba
374,Conchita,F,Arapongas
375,Price,M,Arapongas
376,Carmelina,F,Arapongas
377,Ethan,M,Contenda
378,Nady,F,Arapongas
379,Reggie,F,Arapongas
380,Valaree,F,Arapongas
381,Woody,M,Curitba
382,Lizbeth,F,Curitba
383,Blair,M,Curitba
384,Brandais,F,Arapongas
385,Waylen,M,Cianorte
386,Harrie,F,Arapongas
387,Ellen,F,Toledo
388,Dotty,F,Arapongas
389,Evangeline,F,Arapongas
390,Pansie,F,Arapongas
391,Bess,F,Toledo
392,Hyman,M,Arapongas
393,Thaddeus,M,Chopinzinho
394,Jo,M,Curitba
395,Maurits,M,Arapongas
396,Aube,M,Arapongas
397,Lezlie,F,Arapongas
398,Alisun,F,Contenda
399,Alric,M,Arapongas
400,Daisi,F,Cianorte
401,Charmine,F,Arapongas
402,Austin,F,Curitba
403,Elaina,F,Arapongas
404,Verne,M,Arapongas
405,Nonie,F,Toledo
406,Andrej,M,Curitba
407,Cassie,M,Arapongas
408,Odelle,F,Toledo
409,Hoyt,M,Cianorte
410,Estella,F,Arapongas
411,Danella,F,Arapongas
412,Jeff,M,Arapongas
413,Rubetta,F,Toledo
414,Leroi,M,Arapongas
415,Abbey,F,Curitba
416,Pearl,F,Curitba
417,Matthew,M,Arapongas
418,Tadeo,M,Ibaiti
419,Dene,M,Toledo
420,Meredith,M,Toledo
421,Tabbatha,F,Arapongas
422,Lorrie,M,Toledo
423,Barr,M,Cianorte
424,Wye,M,Ibaiti
425,Adoree,F,Contenda
426,Allyson,F,Arapongas
427,Wendye,F,Arapongas
428,Nerty,F,Arapongas
429,Aurthur,M,Arapongas
430,Staffard,M,Arapongas
431,Milton,M,Curitba
432,Willi,F,Arapongas
433,Hanan,M,Arapongas
434,Efrem,M,Contenda
435,Clarice,F,Toledo
436,Athena,F,Curitba
437,Kendrick,M,Toledo
438,Winne,F,Arapongas
439,Algernon,M,Toledo
440,Gertruda,F,Arapongas
441,Scot,M,Curitba
442,Fifi,F,Arapongas
443,Dag,M,Curitba
444,Sukey,F,Contenda
445,Yvonne,F,Arapongas
446,Kara,F,Arapongas
447,Leta,F,Arapongas
448,Jaimie,F,Arapongas
449,Martynne,F,Arapongas
450,Leda,F,Arapongas
451,Rosalie,F,Arapongas
452,Xerxes,M,Contenda
453,Salli,F,Curitba
454,Theodor,M,Contenda
455,Joey,F,Curitba
456,Garnette,F,Arapongas
457,Irving,M,Arapongas
458,Mortie,M,Arapongas
459,Davidson,M,Toledo
460,Rebecca,F,Toledo
461,Anjanette,F,Curitba
462,Glenine,F,Arapongas
463,Nickie,F,Contenda
464,Sileas,F,Arapongas
465,Germain,F,Arapongas
466,Barron,M,Arapongas
467,Federico,M,Contenda
468,Ashlan,F,Arapongas
469,Donnell,M,Arapongas
470,Floria,F,Arapongas
471,Durante,M,Arapongas
472,Andrea,M,Arapongas
473,Aurelie,F,Arapongas
474,Trish,F,Curitba
475,Roselle,F,Ibaiti
476,Wallie,F,Arapongas
477,Kean,M,Toledo
478,Joseito,M,Arapongas
479,Homere,M,Arapongas
480,Justus,M,Arapongas
481,Eziechiele,M,Arapongas
482,Moselle,F,Curitba
483,Adoree,F,Curitba
484,Cory,F,Curitba
485,Osmond,M,Arapongas
486,Lindie,F,Curitba
487,Marlyn,F,Toledo
488,Leupold,M,Contenda
489,Alexei,M,Arapoti
490,Roland,M,Toledo
491,Antonio,M,Arapongas
492,Kimmi,F,Arapongas
493,Carena,F,Ibaiti
494,Charlie,M,Arapongas
495,Mitch,M,Arapongas
496,Gay,M,Arapongas
497,Osbourne,M,Contenda
498,Harwilll,M,Arapongas
499,Ignatius,M,Arapongas
500,Toinette,F,Chopinzinho
501,Giorgia,F,Arapongas
502,Wyn,M,Arapongas
503,Normie,M,Toledo
504,Ulises,M,Arapongas
505,Kit,M,Arapongas
506,Ebonee,F,Ibaiti
507,Fleur,F,Toledo
508,Hamil,M,Arapongas
509,Gnni,F,Arapongas
510,Gianna,F,Arapongas
511,Ches,M,Arapongas
512,Lynea,F,Curitba
513,Reginauld,M,Arapongas
514,Carlyn,F,Curitba
515,Hansiain,M,Arapongas
516,Bearnard,M,Contenda
517,Audrye,F,Toledo
518,Enriqueta,F,Arapongas
519,Sutherland,M,Cianorte
520,Carroll,M,Curitba
521,Wang,M,Arapongas
522,Camey,M,Toledo
523,Galen,M,Arapongas
524,Alvin,M,Toledo
525,Lyndsie,F,Arapongas
526,Loni,F,Curitba
527,Agretha,F,Curitba
528,Berkeley,M,Arapongas
529,Ulrike,F,Toledo
530,Thane,M,Arapongas
531,Dynah,F,Contenda
532,Pauli,F,Arapongas
533,Raye,F,Arapongas
534,Glenna,F,Arapongas
535,Ive,M,Arapongas
536,Nickolai,M,Arapongas
537,Nilson,M,Arapongas
538,Dal,M,Curitba
539,Garland,F,Curitba
540,Bartholomeo,M,Arapongas
541,Lemmie,M,Contenda
542,Florrie,F,Curitba
543,Morrie,M,Arapongas
544,Rubetta,F,Arapongas
545,Gun,M,Curitba
546,Marrilee,F,Curitba
547,Helyn,F,Toledo
548,Reagen,M,Toledo
549,Normy,M,Arapongas
550,Benedetta,F,Curitba
551,Orbadiah,M,Arapongas
552,Benedetta,F,Contenda
553,Christian,M,Toledo
554,Christan,F,Ibaiti
555,Shelbi,F,Contenda
556,Jedediah,M,Curitba
557,Aguste,M,Chopinzinho
558,Cornie,M,Arapongas
559,Rana,F,Arapongas
560,Peta,F,Curitba
561,Stephi,F,Arapongas
562,Jerrilyn,F,Arapongas
563,Charity,F,Arapongas
564,Saloma,F,Arapongas
565,Archibold,M,Arapongas
566,Ruperto,M,Arapongas
567,Leonerd,M,Curitba
568,Pearle,F,Arapongas
569,Clerkclaude,M,Contenda
570,Salaidh,F,Arapongas
571,Merry,M,Arapongas
572,Inge,F,Arapongas
573,Fleurette,F,Arapongas
574,Andonis,M,Toledo
575,Ines,F,Arapongas
576,Petey,M,Toledo
577,Ody,M,Arapongas
578,Reece,M,Arapongas
579,Camala,F,Toledo
580,Etienne,M,Toledo
581,Barbaraanne,F,Arapongas
582,Gardie,M,Arapongas
583,Deana,F,Toledo
584,Forster,M,Contenda
585,Jocko,M,Toledo
586,Quinton,M,Curitba
587,Fidelity,F,Ibaiti
588,Wilmar,M,Arapongas
589,Kristien,F,Curitba
590,Lloyd,M,Curitba
591,Eba,F,Ibaiti
592,Nari,F,Toledo
593,Bordie,M,Contenda
594,Mohammed,M,Toledo
595,Leora,F,Arapongas
596,Mario,M,Toledo
597,Travus,M,Curitba
598,Saxon,M,Curitba
599,Rudolph,M,Contenda
600,Theodora,F,Arapongas
601,Liv,F,Toledo
602,Brand,M,Arapongas
603,Arlena,F,Ibaiti
604,Orv,M,Curitba
605,Catarina,F,Arapoti
606,Benetta,F,Arapongas
607,Menard,M,Curitba
608,Gusella,F,Arapongas
609,Selig,M,Toledo
610,Gregoire,M,Toledo
611,Creigh,M,Arapongas
612,Elwood,M,Arapongas
613,Marmaduke,M,Arapongas
614,Raf,F,Arapongas
615,Rabi,M,Arapongas
616,Kore,F,Curitba
617,Zuzana,F,Curitba
618,Philis,F,Curitba
619,Haze,M,Arapongas
620,Shae,M,Toledo
621,Burnard,M,Curitba
622,Kean,M,Toledo
623,Ollie,M,Arapongas
624,Bartholomew,M,Contenda
625,Linette,F,Contenda
626,Hayes,M,Cianorte
627,Jill,F,Arapongas
628,Robinia,F,Contenda
629,Collete,F,Arapongas
630,Jerry,M,Curitba
631,Jacquelynn,F,Ibaiti
632,Horatius,M,Arapongas
633,Porter,M,Arapongas
634,Lazaro,M,Curitba
635,Adela,F,Toledo
636,Tammie,M,Toledo
637,Zared,M,Toledo
638,Tally,M,Curitba
639,Stormie,F,Curitba
640,Toby,M,Arapongas
641,Maddy,M,Curitba
642,Shae,M,Arapongas
643,Ethelda,F,Curitba
644,Dante,M,Curitba
645,Joane,F,Arapongas
646,Dennie,M,Curitba
647,Marylynne,F,Arapongas
648,Doria,F,Arapongas
649,Rance,M,Ibaiti
650,Cord,M,Arapongas
651,Siward,M,Contenda
652,Anderson,M,Toledo
653,Debora,F,Contenda
654,Hube,M,Toledo
655,Nani,F,Curitba
656,Jorey,F,Arapongas
657,Donna,F,Curitba
658,Isador,M,Arapongas
659,Latrina,F,Arapongas
660,Nerti,F,Toledo
661,Angelica,F,Ibaiti
662,Carin,F,Arapongas
663,Portie,M,Arapongas
664,Wait,M,Curitba
665,Tawsha,F,Arapongas
666,Ara,M,Contenda
667,Norris,M,Toledo
668,Marquita,F,Arapongas
669,Margie,F,Arapongas
670,Royall,M,Toledo
671,Valentijn,M,Toledo
672,Billi,F,Arapongas
673,Malvina,F,Toledo
674,Meridith,F,Arapongas
675,Reeba,F,Curitba
676,Denny,F,Arapongas
677,Alyssa,F,Curitba
678,Jannel,F,Curitba
679,Brose,M,Arapongas
680,Tatum,F,Curitba
681,Lyle,M,Arapongas
682,Dyna,F,Arapongas
683,Sky,M,Curitba
684,Nikita,M,Arapongas
685,Elijah,M,Arapongas
686,Jessalyn,F,Arapongas
687,Kassey,F,Ibaiti
688,Ferne,F,Contenda
689,Emily,F,Arapongas
690,Denis,M,Curitba
691,Paulita,F,Arapongas
692,Wit,M,Arapongas
693,Gayelord,M,Arapongas
694,Cordy,M,Curitba
695,Lynnet,F,Arapongas
696,Pearl,F,Arapongas
697,Sander,M,Contenda
698,Marcelline,F,Curitba
699,Noami,F,Arapongas
700,Ignazio,M,Arapongas
701,Linn,M,Arapongas
702,Jeffy,M,Arapongas
703,Jeanna,F,Arapongas
704,Eachelle,F,Ibaiti
705,Liuka,F,Arapongas
706,Ferris,M,Arapongas
707,Joellen,F,Toledo
708,Fonsie,M,Arapongas
709,Charity,F,Arapongas
710,Elayne,F,Arapongas
711,Abbi,F,Arapongas
712,Phyllis,F,Arapongas
713,Isadora,F,Arapongas
714,Mag,F,Arapongas
715,Abra,F,Arapongas
716,Hermione,F,Arapongas
717,Culley,M,Curitba
718,Berry,F,Arapongas
719,Cherlyn,F,Arapongas
720,Dane,M,Ibaiti
721,Meredithe,F,Curitba
722,Drucy,F,Arapongas
723,Sinclare,M,Curitba
724,Cherida,F,Arapoti
725,Bellina,F,Ibaiti
726,Dulcea,F,Contenda
727,Tabbi,F,Arapongas
728,Farlie,M,Arapongas
729,Jammal,M,Arapongas
730,Adrianne,F,Arapongas
731,Gleda,F,Arapongas
732,Mile,M,Ibaiti
733,Carma,F,Toledo
734,Calli,F,Ibaiti
735,Lenora,F,Arapongas
736,Rube,M,Toledo
737,Deana,F,Arapongas
738,Herman,M,Curitba
739,Zandra,F,Arapongas
740,Nefen,M,Arapongas
741,Janine,F,Arapongas
742,Pebrook,M,Curitba
743,Briney,F,Ibaiti
744,Nap,M,Arapongas
745,Brent,M,Curitba
746,Christiana,F,Arapongas
747,Leodora,F,Contenda
748,Sybila,F,Curitba
749,Jeannie,F,Toledo
750,Kellie,F,Arapongas
751,Ardra,F,Arapongas
752,Sophronia,F,Curitba
753,Gwen,F,Ibaiti
754,Alexis,F,Arapongas
755,Maybelle,F,Curitba
756,Brooks,M,Arapongas
757,Brigg,M,Arapongas
758,Filide,F,Arapongas
759,Jilli,F,Arapongas
760,Sutherlan,M,Arapongas
761,Jobi,F,Arapongas
762,Merrel,M,Chopinzinho
763,Elmer,M,Arapongas
764,Ceciley,F,Curitba
765,Jana,F,Toledo
766,Gerianna,F,Arapongas
767,Wallie,F,Toledo
768,Galina,F,Arapongas
769,Parnell,M,Toledo
770,Bonny,F,Arapongas
771,Arabele,F,Arapongas
772,Melisandra,F,Arapongas
773,Wallace,M,Arapongas
774,Reba,F,Arapongas
775,Padget,M,Arapongas
776,Bernardo,M,Contenda
777,Wynn,F,Arapongas
778,Millisent,F,Arapoti
779,Vincents,M,Arapongas
780,Harrie,F,Arapongas
781,Cindy,F,Arapongas
782,Arleen,F,Chopinzinho
783,Cathlene,F,Toledo
784,Dorena,F,Arapongas
785,Rafaellle,M,Arapongas
786,Lianne,F,Arapongas
787,Freddie,M,Arapongas
788,Hildagard,F,Curitba
789,Zarla,F,Arapongas
790,Nataniel,M,Curitba
791,Carilyn,F,Arapongas
792,Clarey,F,Arapongas
793,Carma,F,Arapongas
794,Tildie,F,Contenda
795,Leif,M,Arapongas
796,Rolland,M,Contenda
797,Robinet,F,Arapongas
798,Ronalda,F,Curitba
799,Em,M,Arapongas
800,Lisle,M,Arapongas
801,Liz,F,Arapongas
802,Gaspard,M,Toledo
803,Reeta,F,Cianorte
804,Robinetta,F,Curitba
805,Leo,M,Arapongas
806,Saundra,F,Toledo
807,Danika,F,Arapongas
808,Rayner,M,Curitba
809,Melisandra,F,Toledo
810,Madel,F,Curitba
811,Ruttger,M,Arapongas
812,Clarice,F,Arapongas
813,Ralph,M,Arapongas
814,Kirsten,F,Curitba
815,Christine,F,Toledo
816,Byran,M,Arapongas
817,Della,F,Arapongas
818,Bartholemy,M,Toledo
819,Carlie,F,Arapongas
820,Lurlene,F,Arapongas
821,David,M,Arapongas
822,Klarrisa,F,Ibaiti
823,Kort,M,Arapongas
824,Catriona,F,Toledo
825,Tam,M,Arapongas
826,Bo,M,Arapongas
827,Niki,F,Toledo
828,Danny,M,Toledo
829,Culver,M,Toledo
830,Berkeley,M,Arapongas
831,Siouxie,F,Curitba
832,Rickey,M,Ibaiti
833,Clarisse,F,Arapongas
834,Yolanda,F,Arapongas
835,Shem,M,Arapongas
836,Tabor,M,Arapongas
837,Jaymee,F,Toledo
838,Murry,M,Arapongas
839,Adriana,F,Curitba
840,Christalle,F,Contenda
841,Eddie,F,Arapongas
842,Bartie,M,Arapongas
843,Zolly,M,Toledo
844,Bentley,M,Arapongas
845,Mayne,M,Curitba
846,Allyn,M,Ibaiti
847,Ashli,F,Contenda
848,Bellanca,F,Arapongas
849,Halsy,M,Contenda
850,Ardyce,F,Contenda
851,Ajay,F,Arapongas
852,Luci,F,Toledo
853,Karyn,F,Arapongas
854,Aland,M,Toledo
855,Kary,F,Ibaiti
856,Ermengarde,F,Arapoti
857,Arnie,M,Arapongas
858,Jilli,F,Arapongas
859,Rubie,F,Arapongas
860,Nolana,F,Arapongas
861,Meagan,F,Arapongas
862,Mehetabel,F,Arapongas
863,Izaak,M,Curitba
864,Clarke,M,Toledo
865,Sloane,M,Arapongas
866,Rudolf,M,Curitba
867,Renie,F,Arapongas
868,Keelia,F,Arapongas
869,Jacky,F,Ibaiti
870,Lorianna,F,Toledo
871,Conan,M,Toledo
872,Egan,M,Curitba
873,Winifred,F,Arapongas
874,Othilia,F,Arapongas
875,Lothario,M,Arapongas
876,Derek,M,Contenda
877,Sayre,F,Arapongas
878,Rubin,M,Toledo
879,Keenan,M,Arapongas
880,Izabel,F,Arapongas
881,Thorpe,M,Arapongas
882,Thoma,M,Curitba
883,Derril,M,Arapongas
884,Halsy,M,Arapongas
885,Mile,M,Toledo
886,Veronica,F,Curitba
887,Lib,F,Ibaiti
888,Ayn,F,Toledo
889,Angelita,F,Arapongas
890,Jocelyn,F,Toledo
891,Dario,M,Toledo
892,Charline,F,Toledo
893,Yardley,M,Arapongas
894,Malinde,F,Curitba
895,Nerti,F,Arapongas
896,Berri,F,Arapongas
897,Shepherd,M,Toledo
898,Debbi,F,Ibaiti
899,Darrelle,F,Curitba
900,Ruddie,M,Curitba
901,Ailsun,F,Arapongas
902,Audrie,F,Arapongas
903,Ardene,F,Toledo
904,Alec,M,Arapongas
905,Annnora,F,Curitba
906,Pepe,M,Arapongas
907,Harvey,M,Curitba
908,Lamond,M,Arapongas
909,Cozmo,M,Toledo
910,Antonino,M,Curitba
911,Sly,M,Arapongas
912,Juliane,F,Curitba
913,Orelia,F,Arapongas
914,Pace,M,Chopinzinho
915,Cheslie,F,Contenda
916,Zenia,F,Curitba
917,Ermina,F,Curitba
918,Aarika,F,Toledo
919,Gerda,F,Contenda
920,Gerda,F,Toledo
921,Niko,M,Arapongas
922,Massimiliano,M,Arapongas
923,Brigham,M,Arapongas
924,Sharity,F,Arapongas
925,Kerrin,F,Arapoti
926,Harold,M,Arapongas
927,Berke,M,Curitba
928,Del,M,Curitba
929,Ruth,F,Arapongas
930,Cacilie,F,Arapongas
931,Cathlene,F,Arapoti
932,Jami,F,Toledo
933,Susan,F,Curitba
934,Hallsy,M,Toledo
935,Mitch,M,Toledo
936,Olivier,M,Curitba
937,Candice,F,Contenda
938,Rebeca,F,Arapongas
939,Jennee,F,Arapongas
940,Rollin,M,Ibaiti
941,Carling,M,Arapongas
942,Lincoln,M,Curitba
943,Lucien,M,Toledo
944,Orbadiah,M,Arapongas
945,Yvette,F,Curitba
946,Carlina,F,Arapongas
947,Bale,M,Toledo
948,Jacklin,F,Curitba
949,Leona,F,Toledo
950,Marlene,F,Toledo
951,Percival,M,Arapongas
952,Chelsea,F,Toledo
953,Marybeth,F,Toledo
954,Tami,F,Arapongas
955,Sidonia,F,Curitba
956,Aguistin,M,Arapongas
957,Bevon,M,Arapongas
958,Launce,M,Arapongas
959,Joellen,F,Contenda
960,Adaline,F,Curitba
961,Vonni,F,Arapongas
962,Susana,F,Arapongas
963,Claudelle,F,Toledo
964,Carissa,F,Curitba
965,Annalee,F,Toledo
966,Dolley,F,Arapongas
967,Padgett,M,Toledo
968,Harlin,M,Contenda
969,Cobb,M,Arapongas
970,Hynda,F,Curitba
971,Luci,F,Arapongas
972,Pippa,F,Arapongas
973,Tom,M,Toledo
974,Kari,F,Arapongas
975,Ambrosius,M,Arapongas
976,Bealle,M,Contenda
977,Elisabetta,F,Arapongas
978,Malynda,F,Curitba
979,Wandis,F,Toledo
980,Carly,M,Toledo
981,Lyndsie,F,Toledo
982,Erie,M,Arapongas
983,Minette,F,Arapongas
984,Ninon,F,Arapongas
985,Fallon,F,Curitba
986,Umberto,M,Arapongas
987,Ned,M,Toledo
988,Bethina,F,Arapongas
989,Arly,F,Contenda
990,Golda,F,Toledo
991,Artemis,M,Curitba
992,Marigold,F,Toledo
993,Moina,F,Curitba
994,Hershel,M,Toledo
995,Rhys,M,Arapongas
996,Rickie,M,Toledo
997,Lydon,M,Curitba
998,Jameson,M,Contenda
999,Evelin,M,Curitba
1000,Lancelot,M,Arapongas
