id,Nome,Idade,Genero,Cidade,Carrinho
1,Gipsy,18,Male,Curitiba,329.49
2,Auroora,38,Female,Ponta Grossa,950.89
3,Ave,43,Male,Toledo,767.51
4,Jania,66,Male,Castro,607.22
5,Lilith,58,Male,Ponta Grossa,843.26
6,Darline,25,Male,Apucarana,832.34
7,Guthrey,63,Female,Cianorte,694.23
8,Ashia,69,Female,Piraquara,577.9
9,Floria,50,Female,Piraquara,736.75
10,Alistair,39,Male,Cianorte,330.48
11,Cyrus,27,Female,Piraquara,497.31
12,Lincoln,18,Male,Castro,825.38
13,Cori,71,Female,Arapongas,319.28
14,Jerrome,69,Male,Arapongas,576.23
15,Cedric,48,Female, Cascavel,462.21
16,Lucio,85,Male,Cianorte,252.78
17,Saba,84,Male,Arapongas,354.84
18,Hugues,30,Female,Castro,848.21
19,Evvie,49,Female,Curitiba,577.89
20,Mikol,19,Male,Arapongas,450.19
21,Grace,24,Male,Castro,671.34
22,Hakim,20,Female,Arapongas,257.41
23,Humphrey,50,Male, Cascavel,246.34
24,Belita,67,Female, Cascavel,533.05
25,Nata,25,Male,Curitiba,836.92
26,Kaja,21,Male,Piraquara,600.52
27,Vida,70,Female,Arapongas,460.65
28,Hewitt,46,Male,Londrina,562.11
29,Joelynn,50,Male,Piraquara,578.63
30,Tobin,40,Female,Apucarana,916.85
31,Obidiah,27,Female,Cianorte,475.43
32,Deny,79,Male, Cascavel,898.76
33,Tommi,75,Male,Castro,225.75
34,Aili,25,Female,Toledo,555.29
35,Orly,41,Female,Arapongas,552.0
36,Eddy,76,Male,Ponta Grossa,306.78
37,Kristy,55,Female,Cianorte,762.33
38,Blakelee,29,Female,Arapongas,810.2
39,Hortense,85,Male,Ponta Grossa,605.63
40,Nickie,22,Female,Cianorte,794.96
41,Marvin,72,Female, Cascavel,264.14
42,Eachelle,18,Male,Apucarana,273.87
43,Olivette,39,Male, Cascavel,486.72
44,Farand,61,Female, Cascavel,219.74
45,Tailor,26,Female,Londrina,274.06
46,Stella,31,Female,Castro,425.66
47,Malachi,41,Male,Castro,341.0
48,Saraann,40,Female,Curitiba,905.84
49,Justus,45,Female,Toledo,575.34
50,Stillman,54,Female, Cascavel,740.27
51,Lorettalorna,69,Male,Ponta Grossa,586.19
52,Gradey,41,Male,Londrina,563.11
53,Violante,50,Male,Castro,900.59
54,Chanda,33,Female,Apucarana,415.3
55,Kerstin,56,Female,Londrina,572.22
56,Kory,19,Female,Arapongas,506.17
57,Willamina,44,Male,Arapongas,394.22
58,Ferris,84,Male,Apucarana,916.28
59,Allyn,83,Female,Piraquara,997.0
60,Christiana,27,Male,Curitiba,895.8
61,Robbie,25,Male,Cianorte,760.33
62,Jayme,18,Male,Ponta Grossa,314.06
63,Gladys,18,Male,Piraquara,380.98
64,Elwira,27,Male,Curitiba,662.9
65,Scotty,57,Male,Toledo,758.02
66,Verina,47,Female,Arapongas,452.13
67,Tania,85,Male,Apucarana,695.2
68,Bryce,62,Female,Londrina,932.32
69,Walker,75,Female,Apucarana,688.56
70,Nicola,32,Male,Castro,587.6
71,Rafaello,84,Male, Cascavel,858.35
72,Mufinella,47,Male,Cianorte,317.79
73,Prue,18,Female,Castro,943.9
74,Kathryn,68,Female,Toledo,395.38
75,Paulina,45,Female,Arapongas,919.46
76,Hasheem,35,Female,Castro,244.23
77,Ilsa,74,Male,Arapongas,486.44
78,Ferdie,77,Male,Cianorte,442.87
79,Lek,47,Female,Londrina,388.32
80,Estele,77,Male,Ponta Grossa,992.44
81,Mordy,65,Female,Castro,242.63
82,Wilhelm,42,Female,Londrina,829.63
83,Edlin,27,Male,Londrina,858.53
84,Megen,59,Female,Londrina,700.65
85,Windy,68,Male,Arapongas,720.63
86,Luigi,22,Female,Castro,782.72
87,Bea,24,Male,Curitiba,210.22
88,Leonelle,24,Female,Piraquara,714.26
89,Revkah,58,Female,Ponta Grossa,596.85
90,Ailyn,42,Male,Castro,621.96
91,Corilla,85,Male,Curitiba,585.19
92,Gay,83,Female,Castro,998.16
93,Maxi,83,Male,Londrina,289.1
94,Vittorio,73,Female,Arapongas,412.04
95,Jenni,50,Female,Ponta Grossa,949.15
96,Marijn,48,Male,Cianorte,582.9
97,Sawyere,20,Male, Cascavel,649.25
98,Kristin,52,Female,Apucarana,349.55
99,Nessi,61,Female,Arapongas,770.14
100,Barnard,25,Male,Piraquara,740.58
101,Lannie,33,Male,Curitiba,507.51
102,Waldon,25,Male,Castro,453.23
103,Shina,63,Male,Ponta Grossa,766.79
104,Sayre,25,Female,Toledo,225.7
105,Annabell,34,Male, Cascavel,999.65
106,Godiva,45,Male,Londrina,218.88
107,Terencio,77,Male,Arapongas,497.97
108,Ediva,82,Female,Toledo,361.74
109,Annice,53,Female,Arapongas,583.84
110,Alanson,26,Female,Curitiba,818.5
111,Federico,85,Female,Londrina,327.7
112,Dita,23,Female,Londrina,442.1
113,Jazmin,51,Male,Curitiba,712.55
114,Arlan,25,Female,Piraquara,824.43
115,Marchelle,42,Male,Ponta Grossa,701.98
116,Decca,32,Female,Cianorte,238.12
117,Dalston,36,Female,Arapongas,778.66
118,Glennis,86,Female, Cascavel,901.21
119,Charo,40,Male,Cianorte,399.36
120,Elsbeth,73,Male,Castro,766.51
121,Stanislaus,40,Female,Curitiba,514.74
122,Kriste,26,Female,Cianorte,257.07
123,Romola,21,Male,Castro,987.21
124,Hersch,87,Female,Ponta Grossa,835.0
125,Madeleine,19,Male,Apucarana,397.12
126,Edgard,72,Female,Arapongas,887.61
127,Jamie,84,Male,Apucarana,801.53
128,Riva,66,Female,Toledo,421.64
129,Emmye,56,Male,Castro,752.7
130,Giustino,77,Female,Toledo,940.15
131,Ginni,19,Female,Londrina,517.11
132,Cordy,46,Female, Cascavel,556.53
133,Thurston,40,Male,Castro,596.85
134,Laryssa,27,Female,Ponta Grossa,282.04
135,Wilone,55,Female,Apucarana,634.28
136,Will,33,Female,Arapongas,824.55
137,Norrie,50,Male,Piraquara,914.59
138,Jenilee,84,Female,Apucarana,775.91
139,Rhys,28,Male,Piraquara,654.17
140,Jessee,62,Female,Piraquara,236.46
141,Genni,85,Female,Ponta Grossa,457.67
142,Celina,78,Male,Apucarana,309.47
143,Julita,27,Female,Piraquara,602.09
144,Marline,85,Male,Ponta Grossa,581.43
145,Erin,84,Female, Cascavel,359.05
146,Izak,63,Male,Cianorte,766.99
147,Nat,60,Female,Arapongas,228.79
148,Gus,51,Female,Curitiba,412.04
149,Neysa,49,Male,Curitiba,893.7
150,Cyrus,35,Male, Cascavel,385.35
151,Donny,70,Male,Apucarana,641.53
152,Isobel,83,Male,Curitiba,487.91
153,Wynnie,81,Male,Arapongas,465.61
154,Blancha,84,Male,Castro,614.35
155,Reilly,72,Male,Apucarana,784.34
156,Herby,23,Female,Londrina,659.01
157,Carolann,67,Female, Cascavel,364.78
158,Othello,59,Female,Arapongas,681.46
159,Sydel,31,Male,Castro,720.29
160,Glennie,84,Female,Toledo,876.01
161,Jamison,84,Female, Cascavel,455.64
162,Carny,28,Male,Castro,421.5
163,Johnath,27,Female,Cianorte,577.31
164,Rhonda,32,Male,Toledo,533.52
165,Vin,52,Female,Toledo,502.11
166,Coop,22,Male, Cascavel,886.62
167,Celestine,39,Male, Cascavel,997.08
168,Hal,46,Male,Arapongas,945.68
169,Valene,71,Female,Arapongas,765.38
170,Giulietta,18,Male,Apucarana,423.62
171,Bo,39,Male,Castro,703.05
172,Vite,47,Male,Castro,619.84
173,Trixi,32,Male,Toledo,538.73
174,Jessalin,25,Male,Arapongas,735.25
175,Cleo,19,Female,Toledo,782.02
176,Lorne,83,Male,Curitiba,264.7
177,Ninnette,31,Male,Ponta Grossa,237.91
178,Johnette,46,Male, Cascavel,891.37
179,Carolan,51,Male,Castro,522.09
180,Maurine,75,Male,Toledo,520.88
181,Langsdon,50,Female,Londrina,885.24
182,Wendy,18,Female,Curitiba,828.14
183,Falito,70,Male,Curitiba,298.81
184,Laurianne,87,Female,Cianorte,601.96
185,Michaella,50,Male,Arapongas,333.41
186,Donna,84,Female,Arapongas,610.33
187,Shawn,56,Female,Apucarana,592.37
188,Pyotr,39,Male,Toledo,596.15
189,Irina,71,Female,Piraquara,440.71
190,Albertine,45,Male,Ponta Grossa,681.36
191,Hasheem,38,Male,Castro,578.78
192,Brant,57,Female,Ponta Grossa,286.86
193,Minette,21,Male,Toledo,904.13
194,Gillian,28,Female,Curitiba,967.48
195,Maximo,20,Female,Ponta Grossa,571.03
196,Viva,37,Male,Cianorte,833.21
197,Finn,85,Female,Londrina,393.43
198,Caspar,35,Female,Arapongas,307.25
199,Kristine,26,Female,Londrina,545.64
200,Sophey,66,Female,Arapongas,504.28
201,Wynne,56,Male,Cianorte,792.95
202,Angel,63,Male,Arapongas,484.81
203,Dominga,74,Male,Curitiba,267.73
204,Anet,24,Male,Ponta Grossa,455.25
205,Rubin,30,Female,Toledo,816.62
206,Olympia,61,Male,Apucarana,730.85
207,Garrik,20,Female, Cascavel,964.4
208,Gabriel,23,Male, Cascavel,795.0
209,Joly,44,Male, Cascavel,640.34
210,Gerda,49,Male,Piraquara,431.42
211,Paulo,53,Male,Arapongas,298.65
212,Bartholomew,87,Female,Piraquara,666.24
213,Russ,65,Male,Toledo,706.76
214,Ward,43,Male,Cianorte,361.83
215,Thomasa,37,Male,Curitiba,405.26
216,Lazarus,58,Male,Castro,290.16
217,Pauline,43,Female,Castro,248.12
218,Deerdre,50,Male,Ponta Grossa,861.79
219,Julius,82,Male,Londrina,710.97
220,Sonnie,26,Male,Ponta Grossa,576.44
221,Tamqrah,76,Female,Curitiba,713.84
222,Emmy,56,Male,Castro,627.55
223,Merridie,22,Male,Arapongas,786.1
224,Flora,60,Female,Londrina,802.48
225,Lou,83,Male,Castro,920.24
226,Robinet,70,Male,Toledo,305.28
227,Franny,63,Female,Piraquara,730.0
228,Odele,30,Female,Toledo,618.48
229,Nevile,30,Male,Curitiba,702.38
230,Elisabet,72,Female,Curitiba,662.37
231,Stanton,86,Male,Cianorte,305.53
232,Davis,60,Male,Curitiba,270.28
233,Deena,28,Female, Cascavel,538.16
234,Manon,85,Male, Cascavel,346.75
235,Rebe,80,Female,Castro,459.4
236,Keir,67,Female,Apucarana,867.11
237,Terri,67,Male,Castro,908.56
238,Rhoda,66,Male,Londrina,670.79
239,Vail,48,Male,Piraquara,253.85
240,Dan,83,Female, Cascavel,734.22
241,Marv,61,Female,Apucarana,546.24
242,Isidora,57,Female, Cascavel,867.15
243,Arri,57,Female,Londrina,310.06
244,Raphael,26,Male,Curitiba,585.48
245,Neall,36,Male,Castro,282.74
246,Paige,65,Male,Ponta Grossa,735.6
247,Marillin,26,Female, Cascavel,764.89
248,Rabbi,41,Female, Cascavel,857.45
249,Mathilde,70,Male,Cianorte,269.82
250,Collete,39,Female, Cascavel,381.85
251,Dru,65,Female,Castro,310.5
252,Kenna,24,Female,Londrina,268.3
253,Anestassia,85,Female,Cianorte,338.83
254,Madison,23,Female, Cascavel,570.92
255,Eydie,71,Male,Cianorte,238.87
256,Pasquale,47,Male,Piraquara,313.79
257,Annamarie,73,Male,Londrina,467.98
258,Coraline,49,Female,Londrina,936.98
259,Katharyn,68,Male,Arapongas,445.4
260,Riccardo,27,Male,Cianorte,614.88
261,Lilah,69,Female,Apucarana,930.6
262,Cart,27,Female,Ponta Grossa,851.82
263,Gerda,67,Female,Ponta Grossa,409.14
264,Tammy,61,Female,Londrina,970.68
265,Germana,39,Male,Cianorte,645.5
266,Candis,81,Female,Apucarana,437.13
267,Frans,27,Male,Londrina,904.65
268,Karol,83,Male,Ponta Grossa,697.76
269,Karrie,42,Female,Arapongas,433.24
270,Emelina,19,Female,Apucarana,226.77
271,Edeline,71,Male,Toledo,355.7
272,Dani,29,Male,Castro,596.84
273,Rubia,27,Female,Piraquara,357.4
274,Rog,25,Male,Castro,994.03
275,Lorene,79,Female,Toledo,932.83
276,Pearle,34,Female,Ponta Grossa,786.16
277,Wallache,24,Female,Londrina,735.77
278,Ahmad,29,Female,Arapongas,999.95
279,Kalina,20,Male,Toledo,611.85
280,Tiebold,44,Male,Apucarana,375.15
281,Idelle,57,Male, Cascavel,423.44
282,Nat,66,Female, Cascavel,220.26
283,Mathias,81,Male, Cascavel,727.72
284,Cass,19,Male,Londrina,994.3
285,Terri,66,Male,Toledo,995.13
286,Terese,27,Male,Toledo,925.27
287,Bay,79,Female,Piraquara,291.46
288,Saunder,56,Male,Arapongas,507.55
289,Tomas,45,Female,Arapongas,595.97
290,Feodor,38,Female,Curitiba,750.45
291,Hailey,68,Female,Castro,967.64
292,Stace,51,Female,Piraquara,601.93
293,Leonelle,81,Female,Curitiba,347.63
294,Theadora,39,Male,Toledo,912.7
295,Merry,87,Male,Ponta Grossa,738.8
296,Nance,34,Female,Toledo,532.21
297,Ivor,18,Male,Castro,484.78
298,Donnamarie,80,Female, Cascavel,945.3
299,Vilhelmina,21,Female, Cascavel,547.1
300,Zitella,49,Female,Piraquara,857.0
301,Curry,78,Female,Piraquara,663.24
302,Dolley,49,Male,Piraquara,672.06
303,Roobbie,43,Male,Ponta Grossa,455.4
304,Berkley,30,Female,Londrina,827.54
305,Ford,62,Male,Castro,838.59
306,Diann,39,Female,Apucarana,459.82
307,Eugen,74,Male,Ponta Grossa,939.96
308,Tobey,30,Male,Cianorte,603.52
309,Marmaduke,64,Female,Cianorte,890.2
310,Nichole,82,Male,Piraquara,328.05
311,Sandi,50,Female,Castro,955.96
312,Queenie,38,Female,Cianorte,545.29
313,Casie,80,Male,Londrina,717.31
314,Janet,68,Male,Ponta Grossa,299.97
315,Lucienne,37,Male, Cascavel,276.19
316,Alana,29,Female,Curitiba,715.11
317,Lisetta,54,Male,Cianorte,753.71
318,Josefina,51,Male,Apucarana,872.41
319,Timofei,81,Male,Piraquara,644.79
320,Madelyn,65,Male,Castro,298.88
321,Rebbecca,85,Female,Londrina,930.69
322,Ivie,87,Male,Apucarana,496.55
323,Hillary,35,Female,Arapongas,318.36
324,Dwayne,38,Female, Cascavel,409.28
325,Bonita,38,Male,Castro,324.61
326,Odella,87,Female,Ponta Grossa,576.84
327,Stormie,70,Female,Ponta Grossa,607.21
328,Shaun,83,Female,Cianorte,919.53
329,Dalila,86,Male,Castro,345.77
330,Jane,30,Female,Castro,547.64
331,Dov,38,Female,Londrina,212.94
332,Tristam,49,Female,Cianorte,505.63
333,Vladamir,45,Male,Castro,462.64
334,Roxana,30,Female,Apucarana,956.03
335,Lilah,67,Male,Apucarana,400.39
336,Johny,32,Male,Arapongas,567.48
337,Redd,48,Female, Cascavel,623.7
338,Ninetta,31,Male,Castro,680.54
339,Truman,66,Male,Londrina,392.41
340,Jilli,77,Male, Cascavel,615.41
341,Angus,47,Female,Cianorte,725.25
342,Emmi,57,Male,Piraquara,469.82
343,Isobel,32,Male,Curitiba,550.73
344,Ruddie,53,Male,Apucarana,730.44
345,Gabriello,39,Male,Castro,554.87
346,Olympie,32,Male,Piraquara,852.73
347,Nada,61,Female,Curitiba,644.85
348,Lorne,50,Male,Ponta Grossa,582.15
349,Shell,58,Female,Apucarana,342.81
350,Haley,25,Female,Apucarana,792.54
351,Pattin,79,Male,Curitiba,292.96
352,Jacklin,83,Female,Castro,823.76
353,Tomkin,33,Male, Cascavel,767.47
354,Estele,42,Female,Castro,766.6
355,Lucienne,68,Male,Toledo,618.12
356,Sammie,43,Female,Cianorte,216.6
357,Wyndham,44,Female,Castro,643.07
358,Gennifer,73,Male,Curitiba,936.77
359,Sybille,18,Male,Castro,915.02
360,Mark,71,Female,Cianorte,835.25
361,Bordy,35,Male,Cianorte,797.93
362,Margalit,44,Female,Apucarana,480.69
363,Claudina,24,Female,Cianorte,654.28
364,Robin,82,Male,Ponta Grossa,738.28
365,Bettye,25,Female,Toledo,742.42
366,Aguste,86,Female,Apucarana,749.7
367,Annissa,87,Female,Toledo,813.39
368,Hilda,79,Female,Castro,528.53
369,Ingaberg,36,Female,Arapongas,709.22
370,Tonya,57,Male,Arapongas,215.18
371,Ogden,83,Male,Castro,627.94
372,Wynny,77,Male,Londrina,727.92
373,Randolph,56,Male,Curitiba,585.24
374,Miguel,35,Male,Ponta Grossa,806.74
375,Angelique,26,Female,Apucarana,716.12
376,Axe,21,Female,Apucarana,930.48
377,Kimball,31,Male, Cascavel,698.7
378,Aurora,79,Female,Castro,975.95
379,Allina,82,Female,Castro,811.1
380,Muffin,72,Female,Castro,508.64
381,Sylas,25,Male,Ponta Grossa,900.93
382,Lucas,71,Male,Cianorte,523.52
383,Kerrie,70,Male, Cascavel,306.67
384,Dalia,77,Female,Apucarana,664.29
385,Vera,21,Female,Apucarana,521.89
386,Anetta,19,Male,Arapongas,828.52
387,Ola,56,Male,Cianorte,520.14
388,Roley,41,Male,Castro,579.64
389,Irv,33,Female,Londrina,735.05
390,Ashia,39,Female, Cascavel,419.82
391,Neils,69,Female,Castro,665.49
392,Huntley,71,Female,Cianorte,350.29
393,Jennette,36,Female,Londrina,788.42
394,Ranee,20,Male,Toledo,408.07
395,Ivor,65,Female, Cascavel,772.11
396,Dacey,31,Male, Cascavel,703.82
397,Masha,52,Female,Curitiba,359.26
398,Analise,65,Female,Toledo,289.05
399,Elisabetta,59,Male,Castro,770.99
400,Blanche,40,Male, Cascavel,760.62
401,Ogdan,32,Female,Ponta Grossa,396.96
402,Vladimir,27,Male,Arapongas,796.65
403,Nichole,83,Female,Piraquara,923.12
404,Kath,25,Male,Londrina,553.77
405,Sascha,38,Male,Toledo,725.16
406,Griffy,70,Male,Cianorte,983.13
407,Ardys,64,Female,Apucarana,400.4
408,Park,42,Female,Castro,273.23
409,Mary,29,Male,Ponta Grossa,422.94
410,Arnie,29,Female,Arapongas,672.15
411,Mychal,48,Female,Curitiba,269.6
412,Christalle,50,Male,Castro,347.53
413,Gabrielle,64,Female,Toledo,207.08
414,Lynsey,61,Male,Piraquara,691.91
415,Carlina,43,Female,Toledo,561.12
416,Ellsworth,76,Male,Toledo,368.54
417,Caril,68,Male,Ponta Grossa,387.6
418,Leanor,24,Male,Arapongas,300.99
419,Alyosha,42,Female, Cascavel,775.77
420,Carole,38,Female,Londrina,743.21
421,Vladamir,69,Female,Apucarana,840.78
422,Stafani,34,Female,Arapongas,317.26
423,Prudence,31,Male,Curitiba,735.92
424,Nevins,87,Female,Arapongas,389.78
425,Whittaker,71,Male,Toledo,955.55
426,Washington,59,Male,Curitiba,917.18
427,Colleen,54,Male,Ponta Grossa,991.24
428,Kele,37,Male,Cianorte,341.05
429,Sadye,51,Female,Arapongas,907.19
430,Chadd,42,Male,Curitiba,763.13
431,Tallia,40,Female,Londrina,267.95
432,Gasparo,34,Male,Cianorte,432.29
433,Carlye,60,Male,Arapongas,447.86
434,Brittney,20,Male, Cascavel,852.61
435,Gypsy,44,Female, Cascavel,957.64
436,Carlye,32,Male,Curitiba,716.77
437,Willie,68,Female,Ponta Grossa,400.43
438,Helyn,34,Male,Piraquara,283.19
439,Nadia,24,Female, Cascavel,812.92
440,Lesley,47,Female,Apucarana,379.19
441,Phillida,43,Male,Curitiba,839.6
442,Meridel,71,Female,Piraquara,646.23
443,Karee,67,Female,Toledo,937.33
444,Norene,33,Female,Apucarana,219.35
445,Cilka,30,Female,Toledo,288.56
446,Diann,40,Male,Arapongas,363.51
447,Sergeant,67,Male,Apucarana,391.42
448,Austina,72,Female,Cianorte,802.68
449,Hanny,68,Female,Ponta Grossa,630.0
450,Fred,60,Male,Castro,579.22
451,Nertie,80,Male,Piraquara,833.99
452,Allene,63,Male,Castro,443.02
453,Gavrielle,31,Male,Cianorte,808.95
454,Fremont,78,Female,Castro,205.73
455,Tove,62,Female,Curitiba,991.21
456,Prissie,77,Male,Apucarana,914.79
457,Ruy,77,Female,Curitiba,451.88
458,Gerti,61,Male,Castro,928.85
459,Neale,79,Female,Toledo,471.98
460,Linette,52,Female,Piraquara,339.74
461,Michaeline,73,Male,Londrina,751.62
462,Oates,51,Male,Piraquara,413.99
463,Amandie,37,Female,Castro,935.77
464,Shelton,44,Male,Castro,302.44
465,Rosemaria,60,Male, Cascavel,746.61
466,Hercule,51,Male,Ponta Grossa,758.67
467,Gabi,73,Male,Arapongas,457.55
468,Ibby,23,Male,Toledo,943.88
469,Andy,46,Female,Piraquara,219.0
470,Gertie,72,Male, Cascavel,443.06
471,Giana,61,Female,Cianorte,486.62
472,Doug,69,Female,Arapongas,554.9
473,Guenevere,75,Male,Londrina,492.32
474,Delila,27,Female,Curitiba,414.04
475,Nettie,83,Male,Apucarana,899.33
476,Daron,28,Female,Ponta Grossa,527.51
477,Cristi,52,Female, Cascavel,738.64
478,Findlay,62,Male,Castro,777.89
479,Alicia,53,Female,Arapongas,803.43
480,Zachariah,80,Female,Curitiba,788.32
481,Adelle,84,Male,Castro,391.01
482,Skye,64,Male,Ponta Grossa,552.05
483,Broddy,79,Female,Apucarana,981.11
484,Dacy,69,Female,Toledo,792.16
485,Giselle,59,Male,Apucarana,356.3
486,Adey,75,Female,Londrina,599.64
487,Taffy,50,Female,Toledo,612.12
488,Clayborne,83,Male,Curitiba,934.15
489,Jefferson,28,Female,Ponta Grossa,890.59
490,Ingra,87,Female,Curitiba,385.11
491,Loren,65,Male,Castro,220.22
492,Dilan,66,Female,Curitiba,455.06
493,Sherill,32,Female, Cascavel,620.23
494,Norton,32,Male,Piraquara,955.46
495,Keeley,68,Female,Londrina,977.68
496,Dyana,54,Male,Toledo,911.72
497,Madelle,86,Female,Apucarana,852.49
498,Anjanette,38,Male,Castro,472.45
499,Crista,19,Male,Londrina,915.5
500,Jeannie,56,Male,Londrina,854.24
501,Phillida,21,Female,Piraquara,694.25
502,Rodrique,20,Female, Cascavel,447.47
503,Alikee,44,Female,Ponta Grossa,436.14
504,Rufus,72,Female,Toledo,821.59
505,Sib,74,Female,Londrina,765.88
506,Teodoor,77,Male,Ponta Grossa,207.78
507,Sean,47,Female,Arapongas,821.24
508,Bronnie,68,Male, Cascavel,257.79
509,Anabel,66,Female,Curitiba,910.53
510,Jud,21,Female,Cianorte,263.6
511,Niels,80,Female, Cascavel,762.07
512,Philomena,50,Male,Castro,513.29
513,Aili,85,Female,Curitiba,312.18
514,Waverley,27,Female,Apucarana,622.91
515,Aleda,65,Female, Cascavel,275.28
516,Bordie,41,Male,Toledo,692.51
517,Griffin,31,Male, Cascavel,425.93
518,Roderick,61,Male,Piraquara,279.48
519,Tiffani,46,Male,Cianorte,393.79
520,Korrie,48,Female,Arapongas,445.08
521,Theressa,67,Male,Toledo,950.67
522,Rodolphe,36,Female,Cianorte,496.71
523,Happy,77,Male, Cascavel,752.07
524,Penelopa,66,Male,Ponta Grossa,297.23
525,Jules,79,Male,Londrina,470.2
526,Randie,18,Female, Cascavel,285.45
527,Vi,41,Male,Cianorte,678.52
528,Arabella,67,Female,Castro,228.04
529,Holt,33,Male,Curitiba,637.98
530,Effie,71,Female,Arapongas,681.92
531,Constancy,74,Female, Cascavel,559.64
532,Eve,72,Female,Ponta Grossa,924.21
533,Page,67,Female,Piraquara,538.92
534,Cecilla,79,Female,Castro,530.99
535,Evanne,42,Female,Piraquara,382.64
536,Katy,23,Female,Toledo,962.76
537,Doria,67,Female,Arapongas,507.67
538,Ailee,20,Female,Londrina,909.9
539,Lek,39,Male,Apucarana,481.07
540,Alva,63,Female, Cascavel,628.84
541,Vidovic,74,Male,Ponta Grossa,336.75
542,Alick,52,Male,Ponta Grossa,734.65
543,Persis,78,Female,Curitiba,616.32
544,Odie,80,Female,Piraquara,696.63
545,Jillie,62,Male,Castro,772.05
546,Osbert,40,Female,Londrina,217.61
547,Lyda,70,Male,Arapongas,352.17
548,Kip,57,Male,Ponta Grossa,587.35
549,Chandra,21,Female,Apucarana,554.19
550,Gage,31,Female,Castro,899.27
551,Olva,39,Male,Ponta Grossa,310.38
552,Olivero,38,Male,Curitiba,533.67
553,Rosita,48,Male,Ponta Grossa,281.25
554,Guglielmo,27,Female,Apucarana,745.8
555,Charlie,79,Male, Cascavel,901.15
556,Allyson,24,Female,Curitiba,270.81
557,Trevor,35,Female,Arapongas,460.67
558,Rodolphe,42,Male,Ponta Grossa,409.4
559,Ruperto,20,Female,Cianorte,590.02
560,Carling,30,Female,Apucarana,643.3
561,Bartholemy,76,Male,Arapongas,569.54
562,Leonidas,42,Female,Londrina,896.85
563,Ogdon,57,Male,Cianorte,985.72
564,Trescha,48,Female,Curitiba,366.7
565,Perle,51,Female,Piraquara,933.8
566,Gina,20,Male,Toledo,576.94
567,Tiebout,26,Female,Arapongas,396.98
568,Konstantine,36,Male,Londrina,441.6
569,Claudina,87,Male,Apucarana,402.17
570,Marian,32,Male,Cianorte,251.92
571,Annecorinne,81,Male,Apucarana,429.85
572,Chauncey,79,Female,Piraquara,329.17
573,Marcelline,54,Female,Curitiba,636.03
574,Ninette,62,Female,Toledo,957.19
575,Austine,54,Female,Castro,609.46
576,Randell,66,Female,Ponta Grossa,690.03
577,Tobey,77,Female,Toledo,282.67
578,Melissa,83,Female,Curitiba,624.09
579,Emmerich,41,Female,Toledo,972.38
580,Helenka,34,Female,Ponta Grossa,473.31
581,Obadiah,68,Female,Londrina,978.49
582,Carl,84,Female,Cianorte,811.79
583,Abel,60,Male,Curitiba,843.61
584,Fionnula,71,Male,Apucarana,557.26
585,Lillian,85,Male,Londrina,667.6
586,Christabel,21,Female,Cianorte,492.87
587,Nelie,40,Female,Apucarana,551.29
588,Linn,49,Female,Ponta Grossa,665.3
589,Guilbert,44,Male,Londrina,467.43
590,Delphine,18,Female, Cascavel,924.5
591,Willy,71,Female,Cianorte,362.25
592,Biron,48,Female,Piraquara,569.26
593,Gretta,79,Male,Ponta Grossa,721.24
594,Leonelle,75,Female,Toledo,925.79
595,Carie,48,Female,Ponta Grossa,812.62
596,Dominga,53,Male,Cianorte,345.24
597,Joell,34,Female,Ponta Grossa,453.92
598,Urbain,54,Male,Apucarana,406.74
599,Wald,25,Female,Cianorte,654.81
600,Caresa,54,Male,Curitiba,840.09
601,Brand,52,Male,Piraquara,580.54
602,Antonina,40,Male,Cianorte,456.63
603,Harrison,64,Male,Arapongas,796.86
604,Beverie,44,Male,Curitiba,452.04
605,Merrilee,76,Female,Londrina,652.63
606,Zarah,51,Male,Curitiba,996.01
607,Tonnie,53,Female,Ponta Grossa,590.46
608,Quinn,62,Male,Londrina,284.38
609,Lem,39,Female,Londrina,328.3
610,Orran,37,Male,Curitiba,274.53
611,Henri,20,Male,Cianorte,768.11
612,Archer,41,Male,Toledo,741.3
613,Carlita,39,Male,Ponta Grossa,384.17
614,Wells,35,Male,Ponta Grossa,626.69
615,Louie,68,Male,Castro,653.73
616,Francisco,86,Female,Apucarana,718.72
617,Bernardina,24,Female,Londrina,833.63
618,Clary,26,Female,Apucarana,695.74
619,Adelle,83,Male,Piraquara,557.56
620,Leontine,87,Female,Toledo,592.57
621,Patience,34,Female,Apucarana,344.13
622,Louis,80,Male,Piraquara,941.23
623,Priscella,32,Female,Arapongas,341.74
624,Madelina,79,Female,Apucarana,958.59
625,Almire,68,Male,Arapongas,835.74
626,Abeu,20,Male, Cascavel,613.54
627,Margy,42,Female,Apucarana,677.43
628,Lewie,59,Female,Arapongas,253.09
629,Janaya,84,Male,Toledo,846.42
630,Karee,57,Female,Curitiba,463.39
631,Rafaelita,63,Female,Cianorte,423.92
632,Gualterio,62,Male,Londrina,811.5
633,Erna,48,Male,Castro,794.9
634,Ricki,87,Female,Piraquara,837.31
635,Ettore,28,Female, Cascavel,985.15
636,Merilee,75,Male,Ponta Grossa,893.73
637,Mareah,68,Female,Cianorte,837.53
638,Terrell,20,Female,Arapongas,635.74
639,Suzie,30,Female,Ponta Grossa,410.0
640,Fredia,75,Female,Apucarana,750.23
641,Crystal,63,Male, Cascavel,578.76
642,Clio,33,Male,Ponta Grossa,924.78
643,Leeland,57,Female,Ponta Grossa,791.97
644,Flss,24,Female,Piraquara,625.05
645,Rozelle,48,Female,Arapongas,338.01
646,Aaron,81,Male,Apucarana,995.47
647,Gusta,22,Female,Curitiba,228.6
648,Brien,57,Male,Ponta Grossa,752.57
649,Catharina,43,Female,Londrina,300.9
650,Nadean,81,Female,Toledo,963.88
651,Ludvig,63,Female,Castro,582.33
652,Michelina,44,Male,Curitiba,820.19
653,Misty,36,Female,Castro,644.95
654,Timothea,20,Male,Ponta Grossa,822.69
655,August,68,Female,Cianorte,578.77
656,Nickolai,83,Male,Londrina,284.75
657,Isacco,35,Male,Londrina,202.08
658,Benedikt,30,Male,Londrina,500.4
659,Hughie,61,Male,Londrina,633.76
660,Kelley,36,Male,Toledo,451.19
661,Danita,69,Female,Curitiba,271.43
662,Michaeline,28,Male,Toledo,549.38
663,Tan,53,Male,Castro,927.88
664,Crystie,21,Male,Piraquara,224.77
665,Ash,56,Male,Ponta Grossa,504.04
666,Veradis,61,Male,Curitiba,328.11
667,Joya,79,Female,Castro,550.1
668,Chrisy,67,Male,Cianorte,868.95
669,Teresina,53,Female,Londrina,485.39
670,Obadiah,45,Male,Arapongas,856.41
671,Sisely,41,Female,Cianorte,430.74
672,Amandi,25,Female,Curitiba,979.57
673,Timmie,53,Female,Londrina,708.04
674,Kipper,71,Female,Cianorte,464.71
675,Goddard,44,Female,Londrina,974.66
676,Ulberto,55,Male,Ponta Grossa,337.37
677,Ernesto,45,Male,Apucarana,855.44
678,Vinni,77,Male,Londrina,659.77
679,Meggi,84,Male,Toledo,517.5
680,Torrence,45,Female,Curitiba,299.78
681,Scarlet,41,Female,Ponta Grossa,903.25
682,Baryram,65,Male,Castro,251.5
683,Desiri,34,Male,Apucarana,931.59
684,Lotty,43,Male,Ponta Grossa,451.73
685,Otis,59,Male,Arapongas,526.39
686,Sigismund,54,Male,Arapongas,997.65
687,Ora,61,Male,Arapongas,254.17
688,Bordy,44,Female,Cianorte,202.62
689,Marianna,62,Male,Curitiba,391.13
690,Giovanna,50,Male,Londrina,548.36
691,Austina,71,Male,Piraquara,417.75
692,Malorie,27,Female, Cascavel,296.54
693,Gail,73,Female,Ponta Grossa,265.9
694,Barr,36,Male,Apucarana,718.78
695,Maje,44,Male,Cianorte,897.03
696,Meris,42,Male,Castro,658.87
697,Zedekiah,62,Female,Arapongas,951.9
698,Noami,71,Male,Castro,498.35
699,Babbie,64,Male,Londrina,898.83
700,Daveen,24,Female,Toledo,472.7
701,Audi,30,Female,Curitiba,871.0
702,Binny,40,Female,Londrina,648.98
703,Granger,28,Female,Apucarana,342.19
704,Cynde,70,Male,Piraquara,672.49
705,Penni,64,Female,Londrina,536.57
706,Kris,41,Male,Arapongas,879.83
707,Abbi,45,Female, Cascavel,756.78
708,Wanda,73,Female,Londrina,477.71
709,Alfie,71,Male,Curitiba,821.04
710,Hew,22,Female,Londrina,251.92
711,Meta,60,Female,Arapongas,544.34
712,Trescha,73,Female,Piraquara,398.76
713,Garrot,77,Female, Cascavel,752.74
714,Imelda,40,Male,Castro,345.87
715,Adore,79,Female,Cianorte,641.15
716,Town,36,Male,Ponta Grossa,964.48
717,Kirsteni,53,Male,Cianorte,762.73
718,Saree,75,Male,Londrina,358.73
719,Hester,61,Female,Arapongas,723.66
720,Jenifer,77,Male,Cianorte,307.97
721,Row,70,Male,Toledo,704.69
722,Abbey,71,Male,Cianorte,618.8
723,Brynn,36,Male,Castro,387.87
724,Melba,30,Female,Apucarana,995.6
725,Lebbie,73,Male,Ponta Grossa,620.63
726,Staci,80,Male,Piraquara,240.59
727,Tarrance,52,Female,Piraquara,258.54
728,Abdul,76,Female,Ponta Grossa,890.7
729,Christoffer,45,Male,Londrina,558.52
730,Gaston,27,Female,Londrina,845.55
731,Aggy,64,Female, Cascavel,337.24
732,Perrine,67,Female, Cascavel,641.3
733,Bryce,27,Female,Cianorte,319.06
734,Arleen,24,Female,Arapongas,873.54
735,Artur,87,Male,Londrina,571.18
736,Othella,48,Male,Ponta Grossa,909.78
737,Anya,60,Female,Londrina,406.25
738,Leodora,76,Male,Cianorte,352.72
739,Vinnie,50,Female,Piraquara,749.99
740,Dane,82,Female,Arapongas,451.22
741,Flinn,75,Female,Curitiba,926.47
742,Loralie,36,Female,Curitiba,608.56
743,Shelden,23,Female, Cascavel,639.2
744,Brenda,62,Male,Castro,285.8
745,Shaylah,49,Female,Londrina,522.99
746,Rivy,51,Female,Arapongas,832.72
747,Caressa,63,Female,Ponta Grossa,904.77
748,Steffie,32,Male,Curitiba,436.61
749,Blair,61,Female,Apucarana,833.22
750,Bert,33,Male,Curitiba,675.75
751,Bret,19,Female,Arapongas,622.16
752,Madelin,73,Male, Cascavel,934.24
753,Dora,63,Male,Londrina,447.59
754,Giselbert,27,Female,Londrina,502.31
755,Hamish,47,Male,Arapongas,653.44
756,Gamaliel,36,Male,Curitiba,472.89
757,Margaretha,77,Male,Piraquara,571.83
758,Florencia,40,Female,Curitiba,211.17
759,Fidelia,69,Male,Arapongas,813.89
760,Gratiana,25,Female,Castro,257.1
761,Felic,86,Female,Apucarana,432.07
762,Clara,57,Female,Londrina,996.19
763,Natale,63,Male, Cascavel,470.27
764,Aland,46,Female,Toledo,655.59
765,Nikita,58,Male,Arapongas,989.23
766,Diarmid,37,Male,Apucarana,629.0
767,Olympia,77,Male, Cascavel,428.03
768,Aurilia,77,Male,Curitiba,327.32
769,Donnamarie,25,Female,Curitiba,258.06
770,Donnell,31,Female,Cianorte,630.12
771,Randi,68,Male,Arapongas,252.13
772,Gery,60,Male,Castro,746.51
773,Trixie,76,Female,Apucarana,535.59
774,Cesaro,66,Female,Londrina,491.35
775,Hedvige,37,Male,Castro,640.88
776,Moselle,68,Female,Piraquara,833.73
777,Johnna,75,Female,Apucarana,616.42
778,Bondie,21,Male,Londrina,300.78
779,Celeste,50,Male,Castro,927.36
780,Lorens,40,Female,Castro,738.84
781,Ruddie,76,Male,Toledo,486.27
782,Rockwell,61,Male,Curitiba,520.48
783,Sonni,44,Male, Cascavel,683.63
784,Prentiss,21,Male, Cascavel,674.66
785,Cathlene,84,Female,Piraquara,865.1
786,Claire,18,Female,Londrina,534.78
787,Jacquenetta,61,Male,Toledo,960.35
788,Vania,37,Female,Toledo,335.28
789,Andrey,57,Female,Cianorte,456.68
790,Thor,70,Male, Cascavel,474.99
791,Keslie,55,Female,Arapongas,988.45
792,Lita,25,Female,Cianorte,266.83
793,Averil,21,Female,Toledo,761.1
794,Tracey,25,Female,Toledo,604.71
795,Zelda,85,Male,Apucarana,773.48
796,Gothart,27,Female,Apucarana,936.72
797,Der,23,Male,Castro,786.24
798,Sybille,32,Female,Apucarana,692.04
799,Vanna,30,Male, Cascavel,693.87
800,Francklin,79,Female, Cascavel,939.51
801,Andy,66,Female,Cianorte,571.53
802,Reinwald,37,Male,Cianorte,258.11
803,Ephraim,33,Female, Cascavel,969.94
804,Albie,56,Female,Arapongas,509.06
805,Codie,35,Female,Apucarana,547.28
806,Stefano,50,Male, Cascavel,811.83
807,Torey,46,Female,Londrina,346.26
808,Bree,43,Male,Londrina,375.9
809,Fanni,52,Male,Curitiba,704.71
810,Caryl,36,Male,Toledo,371.53
811,Franky,69,Male,Londrina,711.95
812,Wendy,73,Female,Ponta Grossa,394.17
813,Vin,26,Male,Ponta Grossa,317.09
814,Rozalie,61,Male,Piraquara,671.21
815,Augustina,81,Male,Curitiba,777.08
816,Dionysus,73,Female,Curitiba,812.29
817,Candice,43,Male,Cianorte,802.53
818,Vernice,85,Male, Cascavel,825.69
819,Matthew,67,Male, Cascavel,584.49
820,Karisa,30,Female,Arapongas,730.09
821,Lilllie,72,Male,Apucarana,968.18
822,Agathe,27,Female,Londrina,325.55
823,Nelli,26,Male,Cianorte,814.96
824,Lauraine,59,Female,Arapongas,815.02
825,Minnie,87,Female,Piraquara,431.45
826,Peyter,65,Female,Piraquara,720.8
827,Hermon,35,Female,Piraquara,884.58
828,Sylas,86,Male,Apucarana,924.87
829,Toiboid,57,Female,Castro,662.81
830,Giacomo,70,Female,Apucarana,556.41
831,Cornela,48,Male,Londrina,361.76
832,Melba,44,Male,Toledo,826.57
833,Erinna,30,Male,Ponta Grossa,989.2
834,Fairleigh,26,Male,Curitiba,580.56
835,Rahal,43,Male,Arapongas,782.01
836,Simeon,72,Female,Piraquara,810.3
837,Roi,39,Female, Cascavel,896.11
838,Brandy,21,Male,Ponta Grossa,809.4
839,Elyssa,59,Female,Ponta Grossa,916.87
840,Corie,53,Male, Cascavel,889.45
841,Giana,32,Male,Cianorte,838.5
842,Calla,80,Male,Piraquara,862.88
843,Alvan,23,Female,Londrina,358.04
844,Dix,68,Male,Castro,564.82
845,Nissie,85,Male,Toledo,694.2
846,Carol,68,Male,Castro,794.49
847,Beryl,54,Male,Piraquara,426.66
848,Kitti,65,Male,Apucarana,435.69
849,Eugenius,41,Male,Piraquara,433.11
850,Muriel,35,Female,Cianorte,485.77
851,Cherilyn,36,Female,Ponta Grossa,325.65
852,Myer,23,Male, Cascavel,296.73
853,Dyann,60,Female,Castro,685.48
854,Dallon,40,Female,Apucarana,267.21
855,Markos,60,Female,Castro,893.57
856,Lynelle,80,Male,Ponta Grossa,519.31
857,Gregory,69,Female, Cascavel,945.67
858,Kilian,39,Male, Cascavel,490.91
859,Rubina,30,Female,Ponta Grossa,996.98
860,Charity,50,Male,Ponta Grossa,882.61
861,Elianore,62,Male,Londrina,889.92
862,Shaylynn,35,Male,Apucarana,871.23
863,Lisetta,82,Male,Arapongas,380.82
864,Laurence,42,Female,Toledo,714.12
865,Vittoria,76,Male,Curitiba,937.98
866,Stefa,57,Male,Curitiba,618.84
867,Randene,82,Female, Cascavel,358.5
868,Chandal,86,Male,Toledo,501.26
869,Constanta,37,Male,Castro,714.43
870,Malina,37,Male,Toledo,565.57
871,Vevay,55,Male,Curitiba,453.65
872,Sigfrid,57,Female,Londrina,658.09
873,Erena,68,Female,Londrina,575.43
874,Wit,74,Male,Londrina,249.0
875,Killie,53,Female,Arapongas,576.54
876,Cody,77,Male,Castro,875.23
877,Tillie,66,Female, Cascavel,978.76
878,Grete,86,Female,Cianorte,905.28
879,Farleigh,73,Female,Apucarana,954.11
880,Faber,39,Female,Castro,959.06
881,Carla,67,Male,Arapongas,821.43
882,Jakie,59,Female,Castro,441.76
883,Arabelle,64,Male,Piraquara,921.06
884,Gregor,24,Female,Piraquara,705.29
885,Quinn,56,Male,Toledo,884.37
886,Lucho,87,Female,Ponta Grossa,401.97
887,Fremont,34,Female, Cascavel,921.51
888,Ginevra,35,Male,Londrina,711.95
889,Therese,39,Male,Piraquara,456.14
890,Wallis,56,Male,Apucarana,491.78
891,Rheba,60,Female,Apucarana,217.16
892,Alisha,20,Female,Apucarana,356.19
893,Audrye,40,Male,Cianorte,710.82
894,Miranda,76,Female,Apucarana,318.46
895,Hillel,59,Female,Cianorte,358.26
896,Nevsa,20,Male,Toledo,999.03
897,Delano,23,Male,Piraquara,234.3
898,Keriann,56,Male,Ponta Grossa,580.1
899,Martino,48,Female,Arapongas,539.13
900,Caritta,50,Male, Cascavel,758.7
901,Dari,35,Female,Apucarana,228.31
902,Wallace,52,Male,Toledo,574.5
903,Alard,21,Female,Cianorte,552.88
904,Dalila,60,Female,Curitiba,788.19
905,Gordy,31,Male,Ponta Grossa,638.62
906,Rickie,46,Female,Apucarana,388.02
907,Cello,74,Male,Toledo,328.26
908,Fraze,39,Male,Castro,636.45
909,Cornela,69,Male,Arapongas,660.3
910,Vilhelmina,46,Male,Londrina,680.06
911,Meriel,48,Male,Apucarana,260.11
912,Felizio,52,Female,Curitiba,466.6
913,Petey,41,Female,Curitiba,703.95
914,Uriah,37,Female,Castro,970.96
915,Angelita,69,Male,Castro,532.42
916,Emily,70,Male,Apucarana,657.51
917,Constanta,30,Male,Ponta Grossa,296.22
918,Arlyn,32,Female, Cascavel,806.89
919,Marilee,59,Male,Cianorte,410.85
920,Jabez,20,Male,Arapongas,772.68
921,Katrina,32,Male,Toledo,464.32
922,Ingunna,71,Male,Cianorte,751.56
923,Dixie,65,Male,Arapongas,655.53
924,Laurent,87,Female,Cianorte,963.71
925,Beatrice,43,Male,Arapongas,581.06
926,Pat,41,Female,Londrina,741.38
927,Laurie,29,Male,Cianorte,717.4
928,Ruperta,42,Male,Arapongas,476.86
929,Barty,36,Male,Cianorte,341.02
930,Frederigo,72,Female,Piraquara,812.88
931,Nerti,29,Male,Curitiba,313.86
932,Mose,37,Female,Apucarana,637.15
933,Alexei,61,Female,Curitiba,763.79
934,Mariam,44,Female,Castro,254.54
935,Lettie,63,Male,Curitiba,933.57
936,Minta,38,Male,Castro,607.22
937,Kelby,36,Male,Apucarana,968.24
938,Olivie,82,Female,Arapongas,217.64
939,Hertha,20,Male,Arapongas,778.78
940,Cristobal,74,Female,Arapongas,220.87
941,Beckie,37,Male,Ponta Grossa,658.04
942,Robert,38,Male, Cascavel,349.86
943,Marcela,79,Female,Piraquara,817.7
944,Margit,60,Male, Cascavel,737.25
945,Hakim,21,Female,Castro,996.2
946,Lishe,54,Female,Piraquara,406.62
947,Regina,62,Female,Ponta Grossa,299.82
948,Ambur,30,Female,Piraquara,818.62
949,Nels,24,Male,Arapongas,836.89
950,Herold,22,Male,Londrina,614.57
951,Quincey,72,Male,Ponta Grossa,271.01
952,Dynah,19,Female,Londrina,761.45
953,Joycelin,69,Male, Cascavel,689.58
954,Gerri,40,Male, Cascavel,705.37
955,Augustin,25,Female,Ponta Grossa,689.96
956,Leonardo,57,Male,Ponta Grossa,626.78
957,Manya,37,Female, Cascavel,303.76
958,Leonidas,45,Female,Apucarana,894.36
959,Burke,40,Male,Castro,743.71
960,Kacey,86,Male,Castro,769.92
961,Gregorio,53,Male,Londrina,715.07
962,Elsi,78,Male,Ponta Grossa,793.09
963,Griffy,20,Male,Ponta Grossa,204.1
964,Lanie,55,Female,Piraquara,668.87
965,Loralyn,73,Male, Cascavel,868.81
966,Mead,84,Female,Cianorte,890.19
967,Jamie,22,Female, Cascavel,399.98
968,Lyndsie,82,Female,Arapongas,235.59
969,Javier,55,Female,Cianorte,398.33
970,Lou,35,Female,Ponta Grossa,414.3
971,Nadine,45,Female,Cianorte,984.69
972,Rosana,62,Female,Piraquara,310.84
973,Abey,37,Male,Castro,911.0
974,Marv,42,Male,Londrina,967.32
975,Brnaba,47,Male,Curitiba,304.64
976,Michelle,65,Female,Toledo,219.0
977,Tierney,23,Female,Castro,226.19
978,Beaufort,80,Male,Apucarana,977.33
979,Freddie,40,Female,Toledo,833.95
980,Estrella,44,Female,Ponta Grossa,226.99
981,Tracy,25,Female, Cascavel,203.23
982,Marris,55,Female,Londrina,858.48
983,Alica,45,Female,Cianorte,908.59
984,Vite,57,Female,Castro,702.35
985,Benedick,62,Female,Apucarana,701.33
986,Mady,50,Female,Castro,598.84
987,Lester,81,Female,Castro,568.01
988,Maure,19,Female,Toledo,901.32
989,Fawn,37,Male,Piraquara,466.4
990,Schuyler,44,Male,Cianorte,694.71
991,Mela,81,Female,Castro,875.84
992,Lucina,35,Male,Curitiba,601.31
993,Isobel,63,Female,Apucarana,722.33
994,Dorrie,24,Female,Cianorte,234.56
995,Adolph,60,Female,Piraquara,605.07
996,Jasmine,77,Male,Castro,765.95
997,Reine,86,Male,Apucarana,752.99
998,Clay,61,Male,Curitiba,565.58
999,Crista,58,Male,Arapongas,544.7
1000,Petronille,38,Male, Cascavel,951.49
